City ID,City,Country,Date,Lat,Lng,Max Temp,Humidity,Cloudiness,Wind Speed
0,Chuy,UY,2020-04-17 15:01:49,-33.7,-53.46,69.91,61,12,4.68
1,Busselton,AU,2020-04-17 15:02:30,-33.65,115.33,60.01,48,96,9.82
2,Saskylakh,RU,2020-04-17 15:02:30,71.92,114.08,-3.59,87,0,5.64
3,Barbate,ES,2020-04-17 15:02:30,36.19,-5.92,71.01,68,75,8.05
4,Kapaa,US,2020-04-17 15:02:30,22.08,-159.32,73.4,78,1,11.41
5,Havre-Saint-Pierre,CA,2020-04-17 15:02:31,50.23,-63.6,30.2,50,20,10.29
6,Rapid Valley,US,2020-04-17 15:02:31,44.06,-103.15,37.99,68,1,4.7
7,Saint George,US,2020-04-17 15:02:31,37.1,-113.58,55.99,40,75,3.36
8,Ushuaia,AR,2020-04-17 15:00:01,-54.8,-68.3,48.2,81,20,6.93
9,Punta Arenas,CL,2020-04-17 15:01:43,-53.15,-70.92,44.6,70,0,13.87
10,Bredasdorp,ZA,2020-04-17 15:02:34,-34.53,20.04,71.6,35,96,13.87
11,Husavik,IS,2020-04-17 15:02:34,66.04,-17.34,51.8,57,20,19.46
12,Vila Velha,BR,2020-04-17 15:01:46,-20.33,-40.29,82.99,69,75,13.87
13,Hermanus,ZA,2020-04-17 15:02:35,-34.42,19.23,69.01,60,86,1.99
14,Vaini,TO,2020-04-17 15:02:35,-21.2,-175.2,73.4,88,20,4.7
15,Arman,RU,2020-04-17 15:02:35,59.7,150.17,19.17,95,100,9.89
16,Lasa,IT,2020-04-17 15:02:35,46.62,10.7,57.2,41,40,5.82
17,Albany,US,2020-04-17 15:02:36,42.6,-73.97,44.01,28,95,3.0
18,Paamiut,GL,2020-04-17 15:02:36,61.99,-49.67,28.4,90,100,9.78
19,Guerrero Negro,MX,2020-04-17 15:02:36,27.98,-114.06,62.98,65,0,2.95
20,Oktyabrskoye,RU,2020-04-17 15:02:37,43.06,44.74,64.4,31,54,8.95
21,Barrow,US,2020-04-17 15:02:37,71.29,-156.79,8.6,84,90,13.87
22,Mwingi,KE,2020-04-17 15:02:37,-0.93,38.06,74.75,63,96,7.18
23,Dikson,RU,2020-04-17 15:02:38,73.51,80.55,7.05,91,4,5.01
24,Uarini,BR,2020-04-17 15:02:38,-2.99,-65.11,75.2,100,90,2.24
25,Nanortalik,GL,2020-04-17 15:02:38,60.14,-45.24,30.04,92,100,20.07
26,Viedma,AR,2020-04-17 15:02:38,-40.81,-63.0,76.91,36,65,18.32
27,Airai,TL,2020-04-17 15:02:38,-8.93,125.41,63.19,75,40,1.77
28,Garden City,US,2020-04-17 15:02:39,42.33,-83.33,34.0,83,90,6.71
29,Hobart,AU,2020-04-17 14:59:08,-42.88,147.33,51.8,53,90,12.75
30,Alyangula,AU,2020-04-17 15:02:39,-13.85,136.42,75.2,100,97,6.31
31,Pisco,PE,2020-04-17 15:02:39,-13.7,-76.22,73.99,30,51,8.05
32,Koungou,YT,2020-04-17 15:02:40,-12.73,45.2,86.0,66,40,6.93
33,Lagoa,PT,2020-04-17 15:02:41,39.05,-27.98,59.7,71,100,5.1
34,Kaeo,NZ,2020-04-17 15:02:41,-35.1,173.78,64.0,96,81,4.0
35,Chokurdakh,RU,2020-04-17 15:02:41,70.63,147.92,-12.24,91,44,4.79
36,Coquimbo,CL,2020-04-17 15:02:41,-29.95,-71.34,62.6,72,0,3.36
37,Goderich,CA,2020-04-17 14:59:55,43.75,-81.72,43.0,61,100,9.75
38,Victoria,HK,2020-04-17 15:00:37,22.29,114.16,75.0,69,100,4.0
39,Hilo,US,2020-04-17 15:02:42,19.73,-155.09,69.8,83,90,5.82
40,Rikitea,PF,2020-04-17 15:02:42,-23.12,-134.97,76.86,66,50,7.16
41,Bozhou,CN,2020-04-17 15:02:42,33.88,115.77,55.08,52,32,6.96
42,Wuwei,CN,2020-04-17 15:02:43,37.93,102.64,59.0,20,92,2.1
43,Mataura,NZ,2020-04-17 15:02:43,-46.19,168.86,48.0,95,100,4.0
44,Faanui,PF,2020-04-17 15:02:43,-16.48,-151.75,82.51,69,75,8.41
45,Avarua,CK,2020-04-17 14:59:58,-21.21,-159.78,71.6,94,100,1.12
46,Ulaanbaatar,MN,2020-04-17 15:01:36,47.91,106.88,55.4,12,75,22.37
47,Presidencia Roque Saenz Pena,AR,2020-04-17 15:02:44,-26.79,-60.44,75.76,29,0,3.94
48,Bairiki,KI,2020-04-17 15:01:07,1.33,172.98,82.4,78,75,8.05
49,Port Lincoln,AU,2020-04-17 15:02:44,-34.73,135.87,60.73,67,43,7.02
50,Marawi,PH,2020-04-17 15:02:44,8.0,124.29,68.72,71,9,4.07
51,Butaritari,KI,2020-04-17 15:02:44,3.07,172.79,82.89,78,86,15.21
52,Bathsheba,BB,2020-04-17 15:01:04,13.22,-59.52,84.2,66,40,24.16
53,Port Elizabeth,ZA,2020-04-17 15:00:06,-33.92,25.57,68.0,64,13,8.05
54,Keflavik,IS,2020-04-17 15:02:45,64.0,-22.56,48.2,93,75,27.51
55,Kapit,MY,2020-04-17 15:02:45,2.02,112.93,75.94,94,100,1.43
56,Cape Town,ZA,2020-04-17 14:58:31,-33.93,18.42,69.01,56,20,12.75
57,Tessalit,ML,2020-04-17 15:02:46,20.2,1.01,102.06,9,40,6.11
58,Strezhevoy,RU,2020-04-17 15:02:46,60.73,77.59,48.2,61,100,13.42
59,Igarka,RU,2020-04-17 15:02:46,67.47,86.58,33.64,96,100,9.53
60,Jamestown,US,2020-04-17 15:02:47,42.1,-79.24,37.0,59,90,5.82
61,Kruisfontein,ZA,2020-04-17 15:02:47,-34.0,24.73,63.68,71,52,7.99
62,Atuona,PF,2020-04-17 15:02:47,-9.8,-139.03,81.77,74,91,13.27
63,Ribeira Grande,PT,2020-04-17 15:02:49,38.52,-28.7,64.4,68,20,10.29
64,Chingirlau,KZ,2020-04-17 15:02:49,51.09,54.08,47.59,76,99,17.27
65,Lebu,CL,2020-04-17 15:02:49,-37.62,-73.65,65.21,66,98,9.26
66,Iwaki,JP,2020-04-17 15:02:49,37.05,140.88,53.01,78,100,11.74
67,Rio Gallegos,AR,2020-04-17 14:58:47,-51.62,-69.22,53.6,52,0,14.99
68,Kaman,IN,2020-04-17 15:02:50,27.65,77.27,89.06,20,38,4.29
69,Mukhen,RU,2020-04-17 15:02:50,48.1,136.1,43.97,55,0,5.23
70,Lorengau,PG,2020-04-17 15:02:50,-2.02,147.27,82.06,72,99,1.12
71,Bandrele,YT,2020-04-17 15:02:51,-12.91,45.19,86.0,66,40,6.93
72,Ahipara,NZ,2020-04-17 15:02:51,-35.17,173.17,65.61,86,77,20.92
73,East London,ZA,2020-04-17 15:02:51,-33.02,27.91,77.0,65,1,6.93
74,Cherskiy,RU,2020-04-17 15:02:51,68.75,161.3,-0.38,91,29,7.38
75,Llangefni,GB,2020-04-17 15:02:52,53.26,-4.31,59.0,62,40,13.87
76,Kodiak,US,2020-04-17 15:02:52,57.79,-152.41,44.6,87,20,4.16
77,Estelle,US,2020-04-17 15:02:52,29.85,-90.11,77.0,78,90,10.29
78,Qaanaaq,GL,2020-04-17 15:02:52,77.48,-69.36,20.07,85,26,6.44
79,Ponta Delgada,PT,2020-04-17 15:02:53,37.73,-25.67,60.8,77,20,11.41
80,Bluff,NZ,2020-04-17 15:02:53,-46.6,168.33,48.0,95,100,4.0
81,Yulara,AU,2020-04-17 15:02:53,-25.24,130.99,80.6,26,90,9.17
82,Ilulissat,GL,2020-04-17 15:02:53,69.22,-51.1,30.2,54,20,5.82
83,Turayf,SA,2020-04-17 15:02:54,31.67,38.66,77.0,20,75,13.87
84,Mount Gambier,AU,2020-04-17 15:02:54,-37.83,140.77,51.8,100,75,8.05
85,Stephenville,US,2020-04-17 14:58:18,32.22,-98.2,62.01,66,90,12.75
86,Sao Miguel Do Araguaia,BR,2020-04-17 15:02:54,-13.28,-50.16,83.75,67,25,1.88
87,Borbon,PH,2020-04-17 15:02:55,10.84,124.03,86.0,70,20,5.82
88,Luba,GQ,2020-04-17 15:02:56,3.46,8.55,86.0,74,20,3.36
89,Margate,GB,2020-04-17 15:02:56,51.38,1.39,52.0,74,66,24.79
90,Khatanga,RU,2020-04-17 15:02:57,71.97,102.5,8.47,91,0,13.31
91,Bridgetown,BB,2020-04-17 15:02:10,13.1,-59.62,84.2,66,40,24.16
92,Dingle,PH,2020-04-17 15:02:58,11.0,122.67,81.23,74,5,7.94
93,Camana,PE,2020-04-17 14:59:11,-16.62,-72.71,75.87,64,55,9.04
94,Severo-Kurilsk,RU,2020-04-17 15:02:58,50.68,156.12,28.85,95,95,16.24
95,Venado Tuerto,AR,2020-04-17 15:00:03,-33.75,-61.97,77.0,33,0,10.96
96,Asau,RO,2020-04-17 15:02:59,46.43,26.4,73.4,27,40,14.99
97,Avera,US,2020-04-17 15:02:59,33.19,-82.53,64.4,55,1,8.05
98,La Ronge,CA,2020-04-17 15:02:59,55.1,-105.28,33.8,64,20,6.93
99,Hay River,CA,2020-04-17 15:00:29,60.82,-115.8,35.6,93,90,13.87
100,Shu,KZ,2020-04-17 15:03:00,43.6,73.76,53.94,46,13,4.68
101,Teeli,RU,2020-04-17 15:03:00,51.03,90.23,43.92,37,0,2.06
102,Bambous Virieux,MU,2020-04-17 15:03:00,-20.34,57.76,77.0,69,40,16.11
103,Mendoza,AR,2020-04-17 15:02:15,-32.89,-68.83,68.0,52,0,3.36
104,Ponta Do Sol,PT,2020-04-17 15:03:01,32.67,-17.1,63.0,68,62,5.99
105,Puerto Ayora,EC,2020-04-17 15:03:01,-0.74,-90.35,77.0,94,90,4.7
106,Touros,BR,2020-04-17 14:59:00,-5.2,-35.46,86.0,70,40,8.05
107,Santa Luzia,BR,2020-04-17 15:03:01,-19.77,-43.85,78.8,69,40,10.29
108,Linhares,BR,2020-04-17 15:03:02,-19.39,-40.07,83.97,66,43,12.62
109,Wadi Musa,JO,2020-04-17 15:03:02,30.32,35.48,58.44,34,4,11.25
110,Atherton,GB,2020-04-17 15:03:02,53.52,-2.49,63.0,42,0,5.99
111,Nantucket,US,2020-04-17 15:00:05,41.28,-70.1,42.8,35,1,18.34
112,Yellowknife,CA,2020-04-17 15:03:03,62.46,-114.35,28.4,79,75,18.34
113,Amga,RU,2020-04-17 15:03:03,60.9,131.96,8.8,90,99,6.71
114,Teya,RU,2020-04-17 15:03:03,60.38,92.63,32.05,88,0,1.77
115,Tanem,NO,2020-04-17 15:03:04,63.31,10.43,42.01,77,100,1.99
116,Tuktoyaktuk,CA,2020-04-17 15:03:05,69.45,-133.04,12.2,85,90,5.82
117,Verkhoyansk,RU,2020-04-17 15:03:05,67.54,133.38,-11.13,85,99,5.21
118,Northampton,US,2020-04-17 15:03:05,40.88,-75.25,46.99,48,54,7.34
119,Kharian,PK,2020-04-17 15:03:05,32.81,73.86,64.4,88,40,11.41
120,Mahajanga,MG,2020-04-17 15:03:06,-15.72,46.32,93.2,41,20,8.05
121,Toma,BF,2020-04-17 15:03:06,12.77,-2.88,110.89,5,55,12.64
122,New Norfolk,AU,2020-04-17 15:03:06,-42.78,147.06,50.0,76,54,3.0
123,Karasjok,NO,2020-04-17 15:03:07,69.47,25.51,37.4,74,75,36.91
124,Abu Dhabi,AE,2020-04-17 15:02:46,24.47,54.37,80.6,69,0,9.17
125,Castro,BR,2020-04-17 15:00:22,-24.79,-50.01,69.91,28,5,4.21
126,Souillac,MU,2020-04-17 15:03:07,-20.52,57.52,77.0,69,40,16.11
127,Upernavik,GL,2020-04-17 15:03:07,72.79,-56.15,26.76,90,14,1.86
128,Thompson,CA,2020-04-17 14:59:43,55.74,-97.86,26.6,63,75,10.29
129,San Andres,CO,2020-04-17 15:03:08,12.58,-81.7,86.0,66,20,10.29
130,Bilma,NE,2020-04-17 15:03:08,18.69,12.92,101.37,7,0,10.94
131,Mabaruma,GY,2020-04-17 15:03:08,8.2,-59.78,86.76,55,65,7.02
132,Minas,UY,2020-04-17 15:01:04,-34.38,-55.24,64.4,93,75,5.82
133,Finschhafen,PG,2020-04-17 15:03:09,-6.6,147.87,80.29,80,100,14.65
134,Nanfeng,CN,2020-04-17 15:03:09,23.74,111.8,71.58,78,79,1.54
135,Port Moresby,PG,2020-04-17 15:03:09,-9.44,147.18,75.2,100,40,5.82
136,Georgetown,MY,2020-04-17 14:58:35,5.41,100.34,84.2,79,20,1.12
137,Roebourne,AU,2020-04-17 15:02:12,-20.78,117.13,84.83,56,76,11.27
138,Barabai,ID,2020-04-17 15:03:10,-2.58,115.38,76.66,93,85,1.21
139,Bonfim,BR,2020-04-17 15:03:10,3.08,-59.95,92.77,40,72,3.76
140,Nova Olimpia,BR,2020-04-17 15:03:10,-14.8,-57.29,79.84,56,3,4.25
141,Qaqortoq,GL,2020-04-17 15:03:11,60.72,-46.03,30.2,80,90,11.41
142,Kudahuvadhoo,MV,2020-04-17 15:03:11,2.67,72.89,86.18,69,8,6.42
143,Hualmay,PE,2020-04-17 15:03:11,-11.1,-77.61,76.62,63,18,9.26
144,Lloret De Mar,ES,2020-04-17 15:03:11,41.7,2.85,62.01,84,100,8.99
145,Canning,IN,2020-04-17 15:03:11,22.32,88.67,86.0,84,20,12.75
146,Taoudenni,ML,2020-04-17 15:03:12,22.68,-3.98,103.53,10,5,1.36
147,Cabo San Lucas,MX,2020-04-17 15:00:18,22.89,-109.91,73.0,58,63,1.54
148,Cidreira,BR,2020-04-17 15:03:12,-30.18,-50.21,69.26,75,56,8.39
149,Hamilton,US,2020-04-17 15:00:52,39.18,-84.53,48.99,52,90,6.93
150,Nikolskoye,RU,2020-04-17 15:03:12,59.7,30.79,39.99,82,90,20.13
151,Yeppoon,AU,2020-04-17 15:03:13,-23.13,150.73,69.8,83,30,5.91
152,Binzhou,CN,2020-04-17 15:03:13,37.37,118.02,57.0,60,1,4.61
153,Narsaq,GL,2020-04-17 15:03:05,60.92,-46.05,30.2,80,90,11.41
154,Talnakh,RU,2020-04-17 15:03:14,69.49,88.4,28.4,79,99,17.9
155,Elko,US,2020-04-17 15:01:19,41.0,-115.5,37.0,47,0,1.99
156,Portsmouth,GB,2020-04-17 14:58:18,50.8,-1.09,53.01,92,55,3.0
157,Jam Sahib,PK,2020-04-17 15:03:14,26.3,68.63,96.8,32,40,16.11
158,Kavieng,PG,2020-04-17 15:03:14,-2.57,150.8,81.95,76,46,10.25
159,Byron Bay,AU,2020-04-17 15:03:15,-28.65,153.62,73.4,94,40,5.82
160,Chapais,CA,2020-04-17 15:03:15,49.78,-74.85,19.4,57,90,10.29
161,Wajir,KE,2020-04-17 15:03:15,1.75,40.06,98.6,35,40,8.16
162,Tual,ID,2020-04-17 15:03:15,-5.67,132.75,84.0,77,5,7.58
163,Maridi,SS,2020-04-17 15:03:16,4.92,29.47,74.68,61,100,5.3
164,Solwezi,ZM,2020-04-17 15:03:16,-12.17,26.39,74.03,53,27,5.5
165,Ukiah,US,2020-04-17 15:03:16,39.15,-123.21,51.8,87,90,4.7
166,Leh,IN,2020-04-17 15:03:17,34.17,77.58,38.44,17,95,3.44
167,Truckee,US,2020-04-17 15:03:17,39.33,-120.18,37.99,56,89,5.75
168,Nemuro,JP,2020-04-17 15:02:34,43.32,145.57,39.43,73,0,12.37
169,Marystown,CA,2020-04-17 15:03:17,47.17,-55.15,33.48,81,65,7.05
170,Constitucion,CL,2020-04-17 15:03:18,-35.33,-72.42,68.41,40,22,7.76
171,Cervo,ES,2020-04-17 15:03:18,43.67,-7.41,64.99,52,99,8.99
172,Tilichiki,RU,2020-04-17 15:03:18,60.47,166.1,5.29,92,0,7.02
173,Makakilo City,US,2020-04-17 15:03:19,21.35,-158.09,73.4,93,40,3.36
174,Siguiri,GN,2020-04-17 15:03:19,11.67,-9.5,105.66,15,20,7.45
175,Tasiilaq,GL,2020-04-17 15:03:20,65.61,-37.64,39.2,86,90,21.92
176,Batemans Bay,AU,2020-04-17 15:03:21,-35.72,150.18,51.01,100,8,6.42
177,Tura,IN,2020-04-17 15:03:21,25.52,90.22,72.41,72,55,3.09
178,Olafsvik,IS,2020-04-17 15:03:22,64.89,-23.71,44.11,91,95,21.43
179,Saint-Philippe,RE,2020-04-17 15:03:22,-21.36,55.77,78.8,69,75,25.28
180,Newport,GB,2020-04-17 15:03:22,51.59,-3.0,54.0,94,100,15.26
181,Arraial Do Cabo,BR,2020-04-17 15:03:23,-22.97,-42.03,75.2,73,75,5.82
182,Salalah,OM,2020-04-17 15:03:23,17.02,54.09,84.2,70,20,9.17
183,Jamiltepec,MX,2020-04-17 15:03:24,16.28,-97.82,85.35,38,69,3.51
184,Shahdadkot,PK,2020-04-17 15:03:24,27.85,67.91,90.81,16,28,10.58
185,Fairbanks,US,2020-04-17 14:58:40,64.84,-147.72,36.0,87,75,2.55
186,Axim,GH,2020-04-17 15:03:25,4.87,-2.24,84.97,78,100,13.8
187,Palmer,US,2020-04-17 15:03:25,42.16,-72.33,44.01,41,75,13.87
188,Komsomolskiy,UZ,2020-04-17 15:03:25,40.43,71.72,66.2,48,68,2.24
189,Port-Gentil,GA,2020-04-17 15:03:25,-0.72,8.78,80.6,83,20,13.87
190,Lavrentiya,RU,2020-04-17 15:03:26,65.58,-171.0,32.0,97,100,9.55
191,Sioux Lookout,CA,2020-04-17 15:03:26,50.1,-91.92,26.6,53,5,8.05
192,Carnarvon,AU,2020-04-17 15:03:26,-24.87,113.63,78.8,83,37,6.93
193,Yablonovo,RU,2020-04-17 15:03:27,50.85,37.36,48.2,39,75,15.66
194,Houma,US,2020-04-17 15:00:39,29.6,-90.72,78.01,73,1,8.05
195,Richards Bay,ZA,2020-04-17 15:03:27,-28.78,32.04,74.44,68,4,12.93
196,Dongsheng,CN,2020-04-17 15:03:28,39.82,109.98,50.29,23,100,4.54
197,Bethel,US,2020-04-17 15:03:28,41.37,-73.41,44.01,38,32,5.99
198,Labuhan,ID,2020-04-17 15:03:29,-6.88,112.21,81.23,82,71,4.81
199,Cap Malheureux,MU,2020-04-17 15:03:29,-19.98,57.61,77.0,69,40,16.11
200,Okhotsk,RU,2020-04-17 15:03:29,59.38,143.3,13.46,84,2,4.74
201,Provideniya,RU,2020-04-17 15:03:30,64.38,-173.3,30.96,97,100,11.25
202,Padang,ID,2020-04-17 15:02:03,-0.95,100.35,79.41,77,60,2.73
203,Bozoum,CF,2020-04-17 15:03:30,6.32,16.38,93.9,27,95,4.0
204,Odweyne,SO,2020-04-17 15:03:31,9.41,45.06,81.66,40,95,11.43
205,Syracuse,IT,2020-04-17 15:03:21,37.09,15.28,69.01,60,0,10.29
206,Srandakan,ID,2020-04-17 15:03:31,-7.94,110.25,80.38,81,95,4.94
207,Livingston,GB,2020-04-17 15:03:32,55.9,-3.52,51.01,71,90,13.87
208,Bengkulu,ID,2020-04-17 15:03:32,-3.8,102.27,79.02,80,86,1.48
209,Twentynine Palms,US,2020-04-17 15:03:32,34.14,-116.05,62.01,58,1,6.93
210,Ostrovnoy,RU,2020-04-17 15:03:32,68.05,39.51,31.93,97,65,15.26
211,Coihaique,CL,2020-04-17 15:03:33,-45.58,-72.07,59.0,77,75,2.24
212,Placerville,US,2020-04-17 15:03:25,38.73,-120.8,52.0,79,83,3.56
213,Alenquer,BR,2020-04-17 15:03:33,-1.94,-54.74,82.4,78,75,6.93
214,Kieta,PG,2020-04-17 15:03:34,-6.22,155.63,78.19,79,100,1.68
215,Maniitsoq,GL,2020-04-17 15:03:34,65.42,-52.9,26.91,92,97,12.48
216,Lompoc,US,2020-04-17 15:03:35,34.64,-120.46,55.4,87,90,3.36
217,Orel,RU,2020-04-17 15:01:15,52.97,36.08,43.57,57,77,14.72
218,Bam,IR,2020-04-17 15:03:35,29.11,58.36,71.28,25,45,6.51
219,Moba,CN,2020-04-17 15:03:36,33.23,105.02,45.97,43,100,3.36
220,Tigre,AR,2020-04-17 15:03:37,-34.43,-58.58,69.01,72,0,3.36
221,Tiarei,PF,2020-04-17 15:03:37,-17.53,-149.33,80.6,74,75,2.24
222,Merauke,ID,2020-04-17 15:03:37,-8.47,140.33,78.28,90,81,7.9
223,Gomel,BY,2020-04-17 15:00:02,52.43,30.98,48.2,36,75,29.08
224,Poya,NC,2020-04-17 15:03:38,-21.35,165.15,73.94,83,19,6.49
225,Kupang,ID,2020-04-17 15:03:38,-10.17,123.58,75.2,100,20,2.24
226,Port Alfred,ZA,2020-04-17 15:03:38,-33.59,26.89,70.0,81,11,8.28
227,Aykhal,RU,2020-04-17 15:03:39,66.0,111.5,6.8,60,34,6.71
228,Wajima,JP,2020-04-17 15:03:39,37.4,136.9,52.59,77,100,14.23
229,Saint Anthony,US,2020-04-17 15:03:39,45.02,-93.22,42.01,40,1,5.82
230,Pangnirtung,CA,2020-04-17 15:03:40,66.15,-65.71,5.0,84,75,11.41
231,Podgornoye,RU,2020-04-17 15:03:40,51.73,39.15,46.4,33,79,15.66
232,Kloulklubed,PW,2020-04-17 15:03:40,7.04,134.26,78.8,88,75,5.82
233,Chernyshkovskiy,RU,2020-04-17 15:03:40,48.42,42.23,55.8,50,80,11.63
234,Kodinsk,RU,2020-04-17 15:03:41,58.69,99.18,34.97,84,99,10.0
235,Shache,CN,2020-04-17 15:03:41,38.42,77.24,63.27,34,100,10.94
236,Pevek,RU,2020-04-17 15:03:41,69.7,170.31,2.95,92,58,7.27
237,Fortuna,US,2020-04-17 15:03:42,40.6,-124.16,48.99,93,90,3.36
238,Belmonte,BR,2020-04-17 15:03:42,-15.86,-38.88,82.4,78,75,5.82
239,Sao Joao Da Barra,BR,2020-04-17 15:03:42,-21.64,-41.05,77.0,78,75,16.11
240,Katherine,AU,2020-04-17 15:03:42,-14.47,132.27,80.6,57,40,4.7
241,Monte Alegre De Minas,BR,2020-04-17 15:00:59,-18.87,-48.88,78.8,54,20,11.41
242,Novi Pazar,RS,2020-04-17 15:01:49,43.14,20.51,70.81,27,0,2.84
243,Mar Del Plata,AR,2020-04-17 15:03:43,-38.0,-57.56,66.0,63,27,12.75
244,Oskemen,KZ,2020-04-17 15:03:43,49.96,82.61,50.0,53,0,2.24
245,Acajutla,SV,2020-04-17 14:59:37,13.59,-89.83,79.0,76,0,1.99
246,Cedar City,US,2020-04-17 15:03:44,37.68,-113.06,39.2,51,90,5.88
247,Kalevala,RU,2020-04-17 15:03:45,65.2,31.17,36.59,77,82,11.48
248,Peniche,PT,2020-04-17 15:03:45,39.36,-9.38,64.0,75,0,14.0
249,Blagoyevo,RU,2020-04-17 15:03:46,63.37,47.92,35.1,93,100,6.71
250,Porto Real,BR,2020-04-17 15:03:46,-22.42,-44.29,73.02,67,90,3.71
251,Codrington,AU,2020-04-17 15:03:46,-38.27,141.97,55.49,76,81,14.12
252,Machaneng,BW,2020-04-17 15:03:47,-23.19,27.49,82.38,30,91,8.63
253,Port Augusta,AU,2020-04-17 15:03:47,-32.5,137.77,55.4,76,0,4.7
254,Aitape,PG,2020-04-17 15:03:47,-3.14,142.35,79.81,81,97,3.83
255,Katangli,RU,2020-04-17 15:03:47,51.71,143.23,34.74,84,15,7.63
256,Matagami,CA,2020-04-17 15:03:47,49.75,-77.63,26.6,53,20,12.75
257,Biarritz,FR,2020-04-17 14:59:30,43.48,-1.56,75.99,46,75,3.36
258,Kaitangata,NZ,2020-04-17 15:03:48,-46.28,169.85,52.0,83,100,18.01
259,Hithadhoo,MV,2020-04-17 15:03:48,-0.6,73.08,84.85,71,39,5.99
260,Tuatapere,NZ,2020-04-17 15:03:49,-46.13,167.68,48.0,95,100,4.0
261,Churapcha,RU,2020-04-17 15:03:49,62.0,132.43,4.77,87,100,5.5
262,Zhaotong,CN,2020-04-17 15:03:50,27.32,103.72,58.5,43,28,3.04
263,Vila Franca Do Campo,PT,2020-04-17 15:03:50,37.72,-25.43,60.8,77,20,11.41
264,Mastic Beach,US,2020-04-17 15:03:50,40.77,-72.85,45.0,33,14,11.99
265,Dalbandin,PK,2020-04-17 15:03:50,28.89,64.41,72.61,30,8,9.17
266,Songjianghe,CN,2020-04-17 15:03:51,42.19,127.48,39.69,57,96,2.28
267,Erenhot,CN,2020-04-17 15:03:51,43.65,111.98,51.67,26,0,4.45
268,Agadez,NE,2020-04-17 15:03:51,19.75,10.25,101.57,7,0,7.49
269,Tezu,IN,2020-04-17 15:03:52,27.92,96.17,70.84,64,22,3.8
270,Verkhnyaya Inta,RU,2020-04-17 15:03:52,65.98,60.31,36.54,79,74,3.51
271,Jutai,BR,2020-04-17 15:03:53,-5.18,-68.9,82.89,64,67,5.37
272,Buala,SB,2020-04-17 15:03:53,-8.14,159.59,80.64,79,96,5.19
273,Adrar,MR,2020-04-17 15:03:53,20.5,-10.07,97.02,17,4,5.77
274,Agadir,MA,2020-04-17 15:03:54,30.42,-9.6,75.2,41,0,23.04
275,Jalu,LY,2020-04-17 15:03:54,29.03,21.55,79.07,17,0,11.45
276,Barmer,IN,2020-04-17 15:03:55,25.75,71.38,92.28,15,22,11.88
277,Borogontsy,RU,2020-04-17 15:03:55,62.67,131.17,4.41,89,79,4.21
278,Gushikawa,JP,2020-04-17 15:03:55,26.35,127.87,69.8,77,1,9.17
279,Bogorodskoye,RU,2020-04-17 15:03:56,56.55,37.88,39.58,65,49,11.88
280,Lubao,PH,2020-04-17 15:03:56,14.92,120.55,84.0,74,75,4.7
281,Gilgit,PK,2020-04-17 15:00:10,35.92,74.31,55.54,32,100,2.82
282,Kahului,US,2020-04-17 15:03:56,20.89,-156.47,71.6,78,1,10.29
283,Den Helder,NL,2020-04-17 15:00:06,52.96,4.76,50.0,61,0,17.22
284,Petatlan,MX,2020-04-17 15:03:57,17.52,-101.27,75.2,78,75,2.26
285,Samarinda,ID,2020-04-17 15:03:58,-0.5,117.15,77.5,90,35,3.76
286,Naze,JP,2020-04-17 15:03:58,28.37,129.48,68.0,72,20,8.05
287,Ypsonas,CY,2020-04-17 15:03:58,34.69,32.96,72.0,53,20,10.29
288,Esperance,AU,2020-04-17 15:03:59,-33.87,121.9,59.0,82,44,11.41
289,Hobyo,SO,2020-04-17 15:03:59,5.35,48.53,85.62,70,4,11.81
290,Tolaga Bay,NZ,2020-04-17 15:04:00,-38.37,178.3,65.41,78,100,10.6
291,Zhezkazgan,KZ,2020-04-17 15:04:00,47.8,67.71,56.43,31,7,7.9
292,Northam,GB,2020-04-17 15:04:01,51.03,-4.22,57.99,93,100,5.99
293,Saldanha,ZA,2020-04-17 15:04:01,-33.01,17.94,73.4,43,32,12.75
294,Meulaboh,ID,2020-04-17 15:04:01,4.14,96.13,79.99,79,100,2.98
295,Skjervoy,NO,2020-04-17 15:04:02,70.03,20.97,39.2,82,75,11.41
296,Yanam,IN,2020-04-17 15:04:02,16.73,82.22,82.62,81,9,12.08
297,Camabatela,AO,2020-04-17 15:04:02,-8.19,15.38,72.88,66,99,4.76
298,Iquique,CL,2020-04-17 15:04:03,-20.22,-70.14,69.8,73,1,11.41
299,Excelsior Springs,US,2020-04-17 14:59:18,39.34,-94.23,35.01,83,90,14.99
300,Palana,RU,2020-04-17 15:04:03,59.12,159.97,17.98,96,92,2.42
301,Torbay,CA,2020-04-17 15:04:04,47.67,-52.73,39.0,55,75,18.34
302,Kirakira,SB,2020-04-17 15:04:04,-10.45,161.92,79.79,79,97,5.03
303,Geraldton,AU,2020-04-17 15:04:04,-28.77,114.6,73.4,73,99,6.93
304,Oranjemund,NA,2020-04-17 15:04:05,-28.55,16.43,65.08,67,0,18.63
305,Port Hardy,CA,2020-04-17 15:02:50,50.7,-127.42,42.8,93,90,2.24
306,Tiksi,RU,2020-04-17 15:04:05,71.69,128.87,-4.43,88,100,3.15
307,Aleppo,SY,2020-04-17 15:04:05,36.25,37.5,72.88,34,58,8.59
308,Laguna,US,2020-04-17 15:04:05,38.42,-121.42,54.0,81,1,5.82
309,Virginia Beach,US,2020-04-17 15:03:29,36.85,-75.98,57.99,58,1,12.75
310,Leningradskiy,RU,2020-04-17 15:04:06,69.38,178.42,8.38,94,99,4.14
311,Hastings,GB,2020-04-17 15:01:53,50.86,0.57,55.0,79,39,11.01
312,Nadym,RU,2020-04-17 15:04:07,65.53,72.52,37.92,98,100,20.38
313,Luderitz,NA,2020-04-17 15:04:07,-26.65,15.16,68.0,68,0,18.34
314,Mange,SL,2020-04-17 15:04:07,8.92,-12.85,97.59,42,0,6.93
315,Jizan,SA,2020-04-17 15:04:08,17.33,42.67,91.4,59,20,11.41
316,Yugorsk,RU,2020-04-17 15:04:08,61.31,63.33,38.73,87,71,10.18
317,Plyussa,RU,2020-04-17 15:04:09,58.43,29.37,42.12,60,29,13.38
318,Zenzeli,RU,2020-04-17 15:04:09,45.92,47.05,63.81,41,74,13.65
319,Tigil,RU,2020-04-17 15:04:09,57.8,158.67,23.65,97,100,3.0
320,Vestmannaeyjar,IS,2020-04-17 15:04:09,63.44,-20.27,44.6,100,75,16.11
321,Iberia,US,2020-04-17 15:04:10,29.95,-91.75,71.6,82,1,6.93
322,Bud,US,2020-04-17 15:04:10,39.45,-86.18,42.01,94,100,15.39
323,Clyde River,CA,2020-04-17 15:03:06,70.47,-68.59,8.6,84,40,20.8
324,Mehamn,NO,2020-04-17 15:04:11,71.04,27.85,39.2,90,75,16.11
325,Constantine,DZ,2020-04-17 15:01:40,36.37,6.61,78.8,50,75,5.82
326,Shenjiamen,CN,2020-04-17 15:04:11,29.96,122.3,62.29,77,84,5.17
327,Inhambane,MZ,2020-04-17 15:04:11,-23.86,35.38,82.4,69,20,8.05
328,Masterton,NZ,2020-04-17 15:00:07,-40.96,175.66,62.01,88,38,3.13
329,Palafrugell,ES,2020-04-17 15:04:12,41.92,3.16,64.99,69,100,11.18
330,Hofn,IS,2020-04-17 15:04:12,64.25,-15.21,48.2,87,90,18.34
331,Waw,SS,2020-04-17 15:04:12,7.7,28.0,101.77,10,80,1.99
332,Brotas,BR,2020-04-17 15:00:12,-22.28,-48.13,73.76,59,95,6.46
333,Bull Savanna,JM,2020-04-17 15:04:13,17.89,-77.59,83.86,52,2,8.55
334,Oktyabrskiy,RU,2020-04-17 15:04:14,54.48,53.47,43.48,70,83,9.69
335,Gat,IL,2020-04-17 15:04:14,31.61,34.76,72.0,58,15,11.54
336,Norman Wells,CA,2020-04-17 15:04:14,65.28,-126.83,32.0,94,75,14.99
337,Krasnovishersk,RU,2020-04-17 15:04:14,60.41,57.08,37.36,80,80,5.44
338,Linqing,CN,2020-04-17 15:04:15,36.85,115.71,55.96,45,85,6.76
339,Murdochville,CA,2020-04-17 15:04:16,48.96,-65.5,25.39,89,100,10.38
340,Deputatskiy,RU,2020-04-17 15:04:16,69.3,139.9,-12.28,83,97,2.55
341,Launceston,AU,2020-04-17 15:04:16,-41.45,147.17,52.0,66,40,11.41
342,Ayan,RU,2020-04-17 15:04:17,56.45,138.17,21.11,86,50,8.93
343,Brae,GB,2020-04-17 15:04:17,60.4,-1.35,46.4,81,24,6.93
344,Changli,CN,2020-04-17 15:04:18,39.7,119.15,52.47,62,0,4.74
345,Dawei,MM,2020-04-17 15:04:18,14.08,98.2,80.11,73,100,4.68
346,Wajid,SO,2020-04-17 15:04:18,3.81,43.25,87.17,50,98,10.89
347,Kenora,CA,2020-04-17 15:04:19,49.82,-94.43,28.4,54,5,5.82
348,Havoysund,NO,2020-04-17 15:04:20,71.0,24.66,39.2,83,75,16.11
349,Pontianak,ID,2020-04-17 15:04:20,-0.03,109.33,78.8,90,100,6.26
350,Yorosso,ML,2020-04-17 15:04:21,12.35,-4.78,107.89,5,77,11.63
351,Itarema,BR,2020-04-17 15:04:22,-2.92,-39.92,84.04,71,100,8.43
352,Norsup,VU,2020-04-17 15:04:22,-16.07,167.38,80.31,81,100,11.39
353,Zaozerne,UA,2020-04-17 15:04:22,45.16,33.28,51.57,75,100,13.6
354,Moree,AU,2020-04-17 15:04:23,-29.47,149.85,60.8,55,67,11.41
355,Clarence Town,AU,2020-04-17 15:04:23,-32.58,151.78,62.6,51,99,11.41
356,Te Anau,NZ,2020-04-17 15:04:23,-45.42,167.72,47.26,76,100,2.8
357,Marathon,US,2020-04-17 15:04:24,44.9,-89.77,35.01,59,90,5.26
358,Pascagoula,US,2020-04-17 15:04:24,30.37,-88.56,73.99,77,1,4.7
359,Klaksvik,FO,2020-04-17 15:04:25,62.23,-6.59,46.4,70,75,8.05
360,Hun,LY,2020-04-17 15:04:25,29.13,15.95,83.17,25,34,5.99
361,Maharajganj,IN,2020-04-17 15:04:26,27.13,83.57,89.24,22,75,6.42
362,Cururupu,BR,2020-04-17 15:04:26,-1.83,-44.87,81.68,85,88,3.89
363,Oeiras,BR,2020-04-17 15:04:26,-7.03,-42.13,85.68,63,30,6.85
364,Pingxiang,CN,2020-04-17 15:03:40,27.62,113.85,71.55,80,100,2.15
365,Ahuimanu,US,2020-04-17 15:04:27,21.44,-157.84,78.8,61,40,8.05
366,Sobolevo,RU,2020-04-17 15:04:27,54.43,31.9,43.21,56,98,14.09
367,Vao,NC,2020-04-17 15:04:27,-22.67,167.48,74.37,67,16,9.46
368,Christchurch,NZ,2020-04-17 15:00:43,-43.53,172.63,53.01,100,100,13.87
369,Srednekolymsk,RU,2020-04-17 15:04:28,67.45,153.68,-2.83,92,97,8.14
370,Qom,IR,2020-04-17 15:04:28,34.64,50.88,68.13,30,36,13.67
371,Bilibino,RU,2020-04-17 15:04:28,68.05,166.44,-2.78,85,10,4.54
372,Shitanjing,CN,2020-04-17 15:04:29,39.23,106.34,57.99,8,100,10.25
373,Adra,ES,2020-04-17 15:04:29,36.75,-3.02,68.0,72,94,9.17
374,College,US,2020-04-17 15:04:29,64.86,-147.8,36.0,87,75,2.51
375,Hurricane,US,2020-04-17 15:04:30,37.18,-113.29,55.99,40,75,3.36
376,Chepen,PE,2020-04-17 15:04:30,-7.22,-79.45,66.2,29,23,4.7
377,Labuan,MY,2020-04-17 15:04:31,5.28,115.24,84.2,94,75,3.31
378,San Patricio,MX,2020-04-17 15:04:31,19.22,-104.7,69.8,73,5,0.83
379,Plettenberg Bay,ZA,2020-04-17 15:04:31,-34.05,23.37,64.26,74,78,1.88
380,Hue,VN,2020-04-17 15:04:32,16.47,107.6,78.8,83,75,6.93
381,Sakaiminato,JP,2020-04-17 15:04:32,35.55,133.23,57.2,82,90,3.36
382,Mahebourg,MU,2020-04-17 15:04:33,-20.41,57.7,77.0,69,40,16.11
383,Turinsk,RU,2020-04-17 15:04:33,58.05,63.7,43.14,74,96,4.88
384,Dedougou,BF,2020-04-17 15:04:33,12.47,-3.47,110.23,5,35,10.54
385,Kanniyakumari,IN,2020-04-17 15:04:34,8.08,77.57,85.44,71,26,7.38
386,Jiuquan,CN,2020-04-17 15:04:34,39.74,98.52,48.96,33,99,4.54
387,Namatanai,PG,2020-04-17 15:04:34,-3.67,152.43,80.56,78,99,5.68
388,Stornoway,GB,2020-04-17 15:04:34,58.21,-6.39,55.0,76,0,12.75
389,Santa Rosalia,MX,2020-04-17 15:04:34,27.32,-112.28,69.69,32,0,4.83
390,Anito,PH,2020-04-17 15:04:35,12.45,125.29,79.74,85,13,11.77
391,Guanica,PR,2020-04-17 15:04:35,17.97,-66.91,87.01,53,1,5.99
392,Usinsk,RU,2020-04-17 15:04:36,65.99,57.53,34.61,86,2,11.59
393,Vaitape,PF,2020-04-17 15:04:36,-16.52,-151.75,83.35,70,76,8.52
394,Gwanda,ZW,2020-04-17 15:04:36,-20.93,29.0,76.73,45,14,12.01
395,Yushu,CN,2020-04-17 15:04:36,44.8,126.53,50.7,69,99,2.01
396,Ingham,US,2020-04-17 15:04:37,42.6,-84.38,32.0,84,90,5.82
397,Kidal,ML,2020-04-17 15:04:37,18.44,1.41,104.77,7,1,5.59
398,Saint-Joseph,RE,2020-04-17 15:04:38,-21.37,55.62,78.8,69,75,25.28
399,Birao,CF,2020-04-17 15:04:38,10.28,22.79,103.37,5,45,6.35
400,Sunrise Manor,US,2020-04-17 15:04:38,36.21,-115.07,63.0,26,1,17.22
401,Flinders,AU,2020-04-17 15:04:39,-34.58,150.86,59.0,59,0,13.0
402,Humberto De Campos,BR,2020-04-17 15:04:39,-2.6,-43.46,80.87,86,100,6.4
403,Orumiyeh,IR,2020-04-17 15:04:39,37.55,45.08,58.39,37,26,2.91
404,Ozu,JP,2020-04-17 15:04:40,33.5,132.55,59.0,86,100,17.49
405,Alamos,MX,2020-04-17 15:04:40,27.02,-108.93,66.0,74,100,4.0
406,Pingliang,CN,2020-04-17 15:04:40,35.54,106.69,54.81,21,99,13.06
407,Santa Cruz,BO,2020-04-17 15:00:04,-17.8,-63.17,78.8,36,8,13.87
408,Bambanglipuro,ID,2020-04-17 15:04:41,-7.95,110.28,80.08,81,95,4.81
409,Khandyga,RU,2020-04-17 15:04:41,62.67,135.6,-3.28,86,13,1.9
410,Manggar,ID,2020-04-17 15:04:41,-2.88,108.27,81.63,78,76,3.02
411,Saryozek,KZ,2020-04-17 15:04:42,44.36,77.98,50.92,49,34,3.29
412,Tiznit,MA,2020-04-17 15:04:42,29.58,-9.5,70.3,35,0,11.81
413,Aras,ES,2020-04-17 15:04:42,42.56,-2.36,68.0,68,100,10.29
414,Flin Flon,CA,2020-04-17 15:04:43,54.77,-101.86,26.6,68,40,8.05
415,Dobryanka,RU,2020-04-17 15:04:43,58.46,56.42,44.6,67,20,13.42
416,Ormara,PK,2020-04-17 15:04:44,25.21,64.64,79.9,73,0,14.7
417,Kiama,AU,2020-04-17 15:04:44,-34.68,150.87,59.0,51,0,17.22
418,Nabire,ID,2020-04-17 15:04:44,-3.37,135.48,78.89,87,100,3.29
419,Lewisporte,CA,2020-04-17 15:04:45,49.25,-55.05,32.0,87,40,14.99
420,Pudozh,RU,2020-04-17 15:04:45,61.81,36.53,35.04,88,100,8.37
421,Necochea,AR,2020-04-17 15:04:46,-38.55,-58.74,78.01,51,3,8.01
422,Portland,US,2020-04-17 15:04:46,45.52,-122.68,50.0,75,20,4.7
423,Grand Gaube,MU,2020-04-17 15:04:46,-20.01,57.66,77.0,69,40,16.11
424,Tanout,NE,2020-04-17 15:04:46,14.97,8.89,101.82,6,0,19.48
425,Cuiluan,CN,2020-04-17 15:04:47,47.72,128.65,44.64,47,27,2.24
426,Thinadhoo,MV,2020-04-17 15:01:17,0.53,72.93,86.05,67,22,5.35
427,Zaraza,VE,2020-04-17 15:04:47,9.35,-65.32,88.54,47,96,4.83
428,Trincomalee,LK,2020-04-17 15:04:48,8.57,81.23,82.13,81,50,7.92
429,Mogzon,RU,2020-04-17 15:04:48,51.74,111.96,43.61,37,100,3.2
430,Siniscola,IT,2020-04-17 15:04:48,40.57,9.69,68.0,68,100,11.41
431,Honningsvag,NO,2020-04-17 15:04:49,70.98,25.97,39.2,85,75,16.11
432,San Ramon,US,2020-04-17 15:04:49,37.78,-121.98,54.0,81,90,8.05
433,Port Saint Lucie,US,2020-04-17 15:04:50,27.29,-80.35,78.01,78,75,11.41
434,Buckeye,US,2020-04-17 15:01:54,33.37,-112.58,68.0,24,1,10.29
435,Ilebo,CD,2020-04-17 15:02:06,-4.32,20.58,81.05,66,96,2.24
436,Cockburn Town,TC,2020-04-17 15:04:50,21.46,-71.14,79.07,73,1,16.35
437,Oistins,BB,2020-04-17 15:04:51,13.07,-59.53,84.2,66,40,24.16
438,Krasnoselkup,RU,2020-04-17 15:04:51,65.7,82.47,34.84,92,100,10.96
439,Sharanga,RU,2020-04-17 15:04:51,57.18,46.54,39.49,82,100,4.56
440,Mandiana,GN,2020-04-17 15:04:51,10.63,-8.68,102.65,19,60,4.85
441,Walvis Bay,NA,2020-04-17 15:04:51,-22.96,14.51,69.8,56,5,16.11
442,Rio Grande,BR,2020-04-17 15:04:25,-32.03,-52.1,71.6,83,75,11.41
443,Beloha,MG,2020-04-17 15:04:52,-25.17,45.05,79.92,50,4,9.98
444,Puerto Escondido,MX,2020-04-17 15:04:52,15.85,-97.07,80.6,94,40,4.7
445,Uruzgan,AF,2020-04-17 15:04:52,32.83,66.0,49.46,46,36,4.81
446,Salina,US,2020-04-17 15:01:17,38.84,-97.61,34.0,80,90,11.41
447,Beringovskiy,RU,2020-04-17 15:04:53,63.05,179.32,17.28,96,100,18.01
448,Plavsk,RU,2020-04-17 15:04:53,53.71,37.29,42.17,59,66,16.53
449,Marsh Harbour,BS,2020-04-17 15:04:53,26.54,-77.06,75.02,83,99,21.32
450,Biak,ID,2020-04-17 15:04:54,-0.91,122.88,81.95,73,51,3.85
451,Dezful,IR,2020-04-17 15:04:54,32.38,48.41,80.8,25,0,1.03
452,Sitka,US,2020-04-17 15:04:54,57.05,-135.33,42.8,93,90,3.53
453,Dedza,MW,2020-04-17 15:04:54,-14.38,34.33,67.17,54,7,4.65
454,Vostok,RU,2020-04-17 15:04:54,46.49,135.88,36.55,59,69,3.8
455,Sao Filipe,CV,2020-04-17 15:04:55,14.9,-24.5,71.22,75,0,20.45
456,La Tuque,CA,2020-04-17 15:04:55,47.43,-72.78,29.71,81,94,10.83
457,Mongo,TD,2020-04-17 15:04:55,12.18,18.69,105.15,5,0,4.63
458,Hambantota,LK,2020-04-17 15:04:56,6.12,81.12,83.68,77,82,7.18
459,Namibe,AO,2020-04-17 15:04:56,-15.2,12.15,77.22,61,0,11.56
460,Tupiza,BO,2020-04-17 15:04:56,-21.45,-65.72,57.52,18,3,4.94
461,Quelimane,MZ,2020-04-17 15:04:57,-17.88,36.89,86.0,74,75,11.41
462,Ixtapa,MX,2020-04-17 15:04:57,20.7,-105.2,73.99,88,75,4.7
463,Channel-Port Aux Basques,CA,2020-04-17 15:04:57,47.57,-59.14,31.91,90,4,16.17
464,Darnah,LY,2020-04-17 15:04:57,32.77,22.64,63.09,64,39,14.14
465,Cabedelo,BR,2020-04-17 15:04:58,-6.98,-34.83,89.6,59,75,6.93
466,Broken Hill,AU,2020-04-17 15:04:58,-31.95,141.43,53.6,54,0,3.36
467,Cloquet,US,2020-04-17 15:04:58,46.72,-92.46,37.99,40,90,9.17
468,Saint-Pierre,RE,2020-04-17 15:04:58,-21.34,55.48,78.8,69,75,25.28
469,Isangel,VU,2020-04-17 15:04:58,-19.55,169.27,77.27,83,57,12.21
470,Ulundi,ZA,2020-04-17 15:04:59,-28.34,31.42,70.54,60,13,6.06
471,Hendaye,FR,2020-04-17 15:04:59,43.37,-1.77,75.2,47,20,12.75
472,Ketchikan,US,2020-04-17 15:04:59,55.34,-131.65,46.4,93,90,10.29
473,Yuanping,CN,2020-04-17 15:04:59,38.72,112.76,55.36,27,100,2.71
474,Jiexiu,CN,2020-04-17 15:05:00,37.02,111.91,56.32,27,58,6.67
475,Pangody,RU,2020-04-17 15:05:00,65.85,74.49,36.75,96,100,21.52
476,Chipinge,ZW,2020-04-17 15:05:00,-20.19,32.62,72.18,56,16,6.58
477,Henties Bay,NA,2020-04-17 15:05:00,-22.12,14.28,63.0,84,5,8.99
478,Shahrud,IR,2020-04-17 15:05:01,36.42,54.98,60.1,26,98,8.43
479,Rabo De Peixe,PT,2020-04-17 15:05:01,37.8,-25.58,60.8,77,20,11.41
480,Merke,KZ,2020-04-17 15:05:01,42.87,73.18,52.65,42,5,2.39
481,Tabas,IR,2020-04-17 15:05:01,33.6,56.92,80.6,18,11,6.93
482,Xuddur,SO,2020-04-17 15:05:01,4.12,43.89,85.66,50,94,11.86
483,Barcelos,PT,2020-04-17 15:05:02,41.54,-8.62,64.0,82,40,17.22
484,Mudgal,IN,2020-04-17 15:05:02,16.02,76.43,86.76,26,44,6.06
485,Matara,LK,2020-04-17 15:05:02,5.95,80.54,81.18,81,28,4.21
486,Harper,LR,2020-04-17 15:05:03,4.38,-7.72,84.29,82,100,11.77
487,Sorrento,IT,2020-04-17 15:05:03,40.63,14.37,64.4,59,5,4.7
488,Arvin,US,2020-04-17 15:05:03,35.21,-118.83,61.0,77,100,1.99
489,Umm Lajj,SA,2020-04-17 15:01:40,25.02,37.27,77.76,46,0,11.83
490,Kavaratti,IN,2020-04-17 15:05:04,10.57,72.64,85.1,65,0,4.18
491,Tapes,BR,2020-04-17 15:05:04,-30.67,-51.4,69.87,70,79,6.78
492,Wanning,CN,2020-04-17 15:05:05,18.8,110.4,75.94,86,94,6.49
493,Tibiri,NE,2020-04-17 15:05:05,13.56,7.05,105.8,5,0,11.41
494,Shaunavon,CA,2020-04-17 15:05:05,49.65,-108.42,36.88,51,77,17.76
495,Kananga,CD,2020-04-17 15:05:06,-5.9,22.42,80.2,66,97,3.44
496,Yerbogachen,RU,2020-04-17 15:05:06,61.28,108.01,19.11,90,72,9.37
497,Camacha,PT,2020-04-17 15:05:06,33.08,-16.33,66.2,63,40,10.29
498,Gelemso,ET,2020-04-17 15:05:07,8.82,40.52,64.22,55,100,3.94
499,Nome,US,2020-04-17 15:05:07,64.5,-165.41,34.0,100,90,8.05
500,Jega,NG,2020-04-17 15:05:08,12.22,4.38,106.66,6,3,8.08
501,Huarmey,PE,2020-04-17 15:05:08,-10.07,-78.15,79.27,58,24,8.16
502,Chandbali,IN,2020-04-17 15:05:08,20.78,86.77,83.52,73,0,18.32
503,Farafenni,GM,2020-04-17 15:05:09,13.57,-15.6,104.59,13,20,9.62
504,Ust-Kuyga,RU,2020-04-17 15:05:09,70.02,135.6,-14.51,87,88,5.7
505,Katsuura,JP,2020-04-17 15:05:09,35.13,140.3,57.0,84,100,1.01
506,Bayeux,BR,2020-04-17 15:02:37,-7.12,-34.93,89.6,59,75,6.93
507,Iqaluit,CA,2020-04-17 15:05:10,63.75,-68.51,10.4,66,40,7.11
508,Coos Bay,US,2020-04-17 15:05:10,43.37,-124.22,57.2,30,1,10.29
509,Gamba,GA,2020-04-17 15:05:10,-2.65,10.0,79.11,78,100,2.21
510,Sao Gabriel Da Cachoeira,BR,2020-04-17 15:05:10,-0.13,-67.09,81.23,77,87,2.62
511,Mogadishu,SO,2020-04-17 15:05:11,2.04,45.34,87.8,62,40,11.41
512,Uyemskiy,RU,2020-04-17 15:05:11,64.47,40.85,35.6,93,90,3.85
513,Tabou,CI,2020-04-17 15:05:11,4.42,-7.35,84.47,81,100,12.03
514,Marsaxlokk,MT,2020-04-17 15:05:11,35.84,14.54,66.99,63,0,9.17
515,Soyo,AO,2020-04-17 15:05:12,-6.13,12.37,83.28,76,27,11.34
516,Berlevag,NO,2020-04-17 15:03:04,70.86,29.09,33.8,94,75,18.34
517,Maryborough,AU,2020-04-17 15:05:14,-25.53,152.7,75.99,87,100,4.0
518,Itaborai,BR,2020-04-17 15:05:14,-22.74,-42.86,73.4,83,90,8.05
519,Qui Nhon,VN,2020-04-17 15:05:15,13.77,109.23,78.15,88,85,4.07
520,Mitu,CO,2020-04-17 15:05:15,1.2,-70.17,81.28,80,51,3.27
521,Sola,VU,2020-04-17 15:01:06,-13.88,167.55,79.54,84,100,10.33
522,Shimoda,JP,2020-04-17 15:05:15,34.67,138.95,53.01,92,100,18.88
523,Puerto Del Rosario,ES,2020-04-17 15:05:16,28.5,-13.86,71.6,68,40,8.05
524,Ciudad Guayana,VE,2020-04-17 15:05:16,8.35,-62.65,93.24,34,40,6.82
525,Melfi,IT,2020-04-17 15:05:16,41.0,15.65,71.6,37,43,10.29
526,Araouane,ML,2020-04-17 15:05:16,18.9,-3.53,104.45,10,5,4.14
527,Lovozero,RU,2020-04-17 15:05:17,68.0,35.01,33.19,87,100,15.05
528,Agua Dulce,MX,2020-04-17 15:05:17,18.13,-94.13,78.8,88,75,2.13
529,Kuraymah,SD,2020-04-17 15:05:17,18.55,31.85,99.23,8,0,15.28
530,Mao,ES,2020-04-17 15:02:56,39.89,4.27,64.4,72,20,11.41
531,Izumo,JP,2020-04-17 15:05:18,35.37,132.77,57.2,82,90,3.36
532,Yining,CN,2020-04-17 15:05:18,29.04,114.56,66.29,83,91,2.62
533,Puerto Montt,CL,2020-04-17 15:01:40,-41.47,-72.94,59.0,87,90,16.11
534,Poso,ID,2020-04-17 15:05:18,-1.4,120.75,79.81,67,57,2.39
535,Ahvaz,IR,2020-04-17 15:05:18,31.32,48.67,89.6,15,0,4.7
536,San Policarpo,PH,2020-04-17 15:05:19,12.18,125.51,80.85,83,7,13.49
537,Hirado,JP,2020-04-17 15:05:19,33.36,129.55,62.01,95,76,3.0
538,Trinidad,BO,2020-04-17 15:03:56,-14.83,-64.9,75.2,60,5,9.17
539,Lokoja,NG,2020-04-17 15:05:20,7.8,6.74,97.74,42,91,3.42
540,Chiang Kham,TH,2020-04-17 15:05:20,19.52,100.3,82.4,58,2,3.36
541,Ekhabi,RU,2020-04-17 15:05:21,53.51,142.97,27.86,98,36,13.76
542,Seymchan,RU,2020-04-17 15:05:21,62.88,152.43,1.85,88,100,7.31
543,Muli,MV,2020-04-17 15:05:22,2.92,73.57,86.36,68,20,6.91
544,Innisfail,AU,2020-04-17 15:05:23,-17.53,146.03,72.9,91,22,3.78
545,Bubaque,GW,2020-04-17 15:05:23,11.28,-15.83,82.17,60,37,13.85
546,Sao Geraldo Do Araguaia,BR,2020-04-17 15:05:23,-6.4,-48.55,84.06,78,46,3.58
547,Boralday,KZ,2020-04-17 15:05:23,43.36,76.86,57.2,71,75,2.24
548,Tyrma,RU,2020-04-17 15:05:24,50.08,132.17,41.77,52,3,2.64
549,Nogliki,RU,2020-04-17 15:05:24,51.83,143.17,35.06,85,18,8.77
550,Kutum,SD,2020-04-17 15:05:24,14.2,24.67,90.09,6,0,11.45
551,Metro,ID,2020-04-17 15:05:24,-5.11,105.31,76.89,88,59,2.19
552,Kamenka,RU,2020-04-17 15:05:24,51.32,42.77,46.0,59,91,1.99
553,Beisfjord,NO,2020-04-17 15:05:25,68.38,17.6,37.4,64,75,25.28
554,Treinta Y Tres,UY,2020-04-17 15:05:25,-33.23,-54.38,69.78,63,0,4.14
555,Oltu,TR,2020-04-17 15:05:25,40.55,42.0,59.83,25,37,4.88
556,Iranshahr,IR,2020-04-17 15:05:25,27.2,60.68,82.4,28,20,6.93
557,Akyab,MM,2020-04-17 15:05:26,20.15,92.9,79.88,79,2,5.06
558,Sisimiut,GL,2020-04-17 15:05:26,66.94,-53.67,28.31,88,57,10.36
559,Havelock,US,2020-04-17 15:01:32,34.88,-76.9,66.99,45,1,4.85
